date,Tem,prof_camada1,Eas1,Nor1,prof_camada2,Eas2,Nor2,prof_camada3,Eas3,Nor3,prof_camada4,Eas4,Nor4,prof_camada5,Eas5,Nor5,prof_camada6,Eas6,Nor6,prof_camada7,Eas7,Nor7,prof_camada8,Eas8,Nor8,prof_camada9,Eas9,Nor9,prof_camada10,Eas10,Nor10
2016-11-04 09:00:00,23.26,-45,-9.0,,-77,0.0,,-109,9.0,,-141,270.0,,-173,,,-205,,,-237,,,-269,,,-301,,,-333,,
2016-11-04 10:00:00,23.55,-45,,,-77,,,-109,,,-141,,,-173,,,-205,,,-237,,,-269,,,-301,,,-333,,
2016-11-04 11:00:00,23.92,-45,,,-77,,,-109,,,-141,,,-173,,,-205,,,-237,,,-269,,,-301,,,-333,,
2016-11-04 12:00:00,23.86,-45,,,-77,,,-109,,,-141,,,-173,,,-205,,,-237,,,-269,,,-301,,,-333,,
2016-11-04 13:00:00,23.94,-45,,,-77,,,-109,,,-141,,,-173,,,-205,,,-237,,,-269,,,-301,,,-333,,
2016-11-04 14:00:00,23.95,-45,,,-77,,,-109,,,-141,,,-173,,,-205,,,-237,,,-269,,,-301,,,-333,,
2016-11-04 15:00:00,23.91,-45,,,-77,,,-109,,,-141,,,-173,,,-205,,,-237,,,-269,,,-301,,,-333,,
2016-11-04 16:00:00,23.72,-45,-1.0,,-77,3.0,,-109,3.0,,-141,341.6,,-173,,,-205,,,-237,,,-269,,,-301,,,-333,,
2016-11-04 17:00:00,23.39,-45,,,-77,,,-109,,,-141,,,-173,,,-205,,,-237,,,-269,,,-301,,,-333,,
2016-11-04 18:00:00,23.09,-45,,,-77,,,-109,,,-141,,,-173,,,-205,,,-237,,,-269,,,-301,,,-333,,
2016-11-04 19:00:00,22.87,-45,,,-77,,,-109,,,-141,,,-173,,,-205,,,-237,,,-269,,,-301,,,-333,,
2016-11-04 20:00:00,22.68,-45,,,-77,,,-109,,,-141,,,-173,,,-205,,,-237,,,-269,,,-301,,,-333,,
2016-11-04 21:00:00,22.55,-45,,,-77,,,-109,,,-141,,,-173,,,-205,,,-237,,,-269,,,-301,,,-333,,
2016-11-04 22:00:00,22.59,-45,,,-77,,,-109,,,-141,,,-173,,,-205,,,-237,,,-269,,,-301,,,-333,,
2016-11-04 23:00:00,22.44,-45,,,-77,,,-109,,,-141,,,-173,,,-205,,,-237,,,-269,,,-301,,,-333,,
2016-11-05 00:00:00,22.01,-45,,,-77,,,-109,,,-141,,,-173,,,-205,,,-237,,,-269,,,-301,,,-333,,
2016-11-05 01:00:00,21.43,-45,-10.0,,-77,27.0,,-109,29.0,,-141,339.7,,-173,,,-205,,,-237,,,-269,,,-301,,,-333,,
2016-11-05 02:00:00,21.32,-45,-8.0,,-77,6.0,,-109,10.0,,-141,306.9,,-173,,,-205,,,-237,,,-269,,,-301,,,-333,,
2016-11-05 03:00:00,21.48,-45,-1.0,,-77,0.0,,-109,1.0,,-141,270.0,,-173,,,-205,,,-237,,,-269,,,-301,,,-333,,
2016-11-05 04:00:00,21.62,-45,,,-77,,,-109,,,-141,,,-173,,,-205,,,-237,,,-269,,,-301,,,-333,,
2016-11-05 05:00:00,21.75,-45,,,-77,,,-109,,,-141,,,-173,,,-205,,,-237,,,-269,,,-301,,,-333,,
2016-11-05 06:00:00,21.85,-45,,,-77,,,-109,,,-141,,,-173,,,-205,,,-237,,,-269,,,-301,,,-333,,
2016-11-05 07:00:00,21.99,-45,,,-77,,,-109,,,-141,,,-173,,,-205,,,-237,,,-269,,,-301,,,-333,,
2016-11-05 08:00:00,22.1,-45,,,-77,,,-109,,,-141,,,-173,,,-205,,,-237,,,-269,,,-301,,,-333,,
2016-11-05 09:00:00,22.65,-45,,,-77,,,-109,,,-141,,,-173,,,-205,,,-237,,,-269,,,-301,,,-333,,
2016-11-05 10:00:00,22.79,-45,,,-77,,,-109,,,-141,,,-173,,,-205,,,-237,,,-269,,,-301,,,-333,,
2016-11-05 11:00:00,23.09,-45,,,-77,,,-109,,,-141,,,-173,,,-205,,,-237,,,-269,,,-301,,,-333,,
2016-11-05 12:00:00,22.87,-45,,,-77,,,-109,,,-141,,,-173,,,-205,,,-237,,,-269,,,-301,,,-333,,
2016-11-05 13:00:00,22.66,-45,,,-77,,,-109,,,-141,,,-173,,,-205,,,-237,,,-269,,,-301,,,-333,,
2016-11-05 14:00:00,22.5,-45,,,-77,,,-109,,,-141,,,-173,,,-205,,,-237,,,-269,,,-301,,,-333,,
2016-11-05 15:00:00,22.56,-45,,,-77,,,-109,,,-141,,,-173,,,-205,,,-237,,,-269,,,-301,,,-333,,
2016-11-05 16:00:00,22.16,-45,,,-77,,,-109,,,-141,,,-173,,,-205,,,-237,,,-269,,,-301,,,-333,,
2016-11-05 17:00:00,22.06,-45,16.0,54.0,-77,12.0,84.0,-109,13.0,49.0,-141,154.0,-54.0,-173,-94.0,40.0,-205,-153.0,15.0,-237,-94.0,79.0,-269,94.0,440.0,-301,113.0,-392.0,-333,-390.0,297.0
2016-11-05 18:00:00,22.04,-45,539.0,649.0,-77,594.0,619.0,-109,720.0,602.0,-141,796.0,573.0,-173,763.0,465.0,-205,469.0,380.0,-237,296.0,522.0,-269,236.0,199.0,-301,336.0,369.0,-333,373.0,401.0
2016-11-05 19:00:00,22.22,-45,157.0,16.0,-77,184.0,-52.0,-109,327.0,-34.0,-141,396.0,-84.0,-173,407.0,-147.0,-205,371.0,-133.0,-237,283.0,-98.0,-269,16.0,-53.0,-301,14.0,53.0,-333,-6.0,24.0
2016-11-05 20:00:00,22.26,-45,181.0,23.0,-77,175.0,-48.0,-109,307.0,-77.0,-141,388.0,-98.0,-173,448.0,-135.0,-205,401.0,-138.0,-237,329.0,-126.0,-269,-9.0,62.0,-301,33.0,63.0,-333,12.0,50.0
2016-11-05 21:00:00,22.51,-45,176.0,122.0,-77,201.0,34.0,-109,308.0,-23.0,-141,390.0,-23.0,-173,465.0,-69.0,-205,412.0,-101.0,-237,324.0,-97.0,-269,-15.0,48.0,-301,29.0,90.0,-333,9.0,73.0
2016-11-05 22:00:00,22.52,-45,73.0,71.0,-77,116.0,-11.0,-109,244.0,-32.0,-141,315.0,-43.0,-173,437.0,-79.0,-205,383.0,-103.0,-237,298.0,-121.0,-269,48.0,-4.0,-301,5.0,75.0,-333,-23.0,55.0
2016-11-05 23:00:00,22.74,-45,88.0,137.0,-77,178.0,65.0,-109,287.0,11.0,-141,320.0,-24.0,-173,457.0,-33.0,-205,445.0,-85.0,-237,362.0,-114.0,-269,73.0,6.0,-301,31.0,80.0,-333,17.0,76.0
2016-11-06 00:00:00,22.87,-45,74.0,81.0,-77,148.0,19.0,-109,256.0,-2.0,-141,266.0,-73.0,-173,382.0,-104.0,-205,420.0,-178.0,-237,359.0,-188.0,-269,37.0,11.0,-301,36.0,22.0,-333,20.0,-16.0
2016-11-06 01:00:00,22.91,-45,-4.0,168.0,-77,71.0,122.0,-109,200.0,108.0,-141,234.0,14.0,-173,349.0,-27.0,-205,361.0,-95.0,-237,302.0,-101.0,-269,1.0,1.0,-301,-3.0,65.0,-333,-25.0,19.0
2016-11-06 02:00:00,22.89,-45,-2.0,52.0,-77,55.0,30.0,-109,202.0,24.0,-141,282.0,-66.0,-173,403.0,-126.0,-205,384.0,-178.0,-237,326.0,-164.0,-269,17.0,-8.0,-301,3.0,1.0,-333,-56.0,20.0
2016-11-06 03:00:00,22.88,-45,16.0,41.0,-77,146.0,-2.0,-109,307.0,27.0,-141,397.0,-49.0,-173,534.0,-87.0,-205,503.0,-124.0,-237,417.0,-114.0,-269,81.0,7.0,-301,75.0,12.0,-333,28.0,25.0
2016-11-06 04:00:00,22.88,-45,-27.0,19.0,-77,58.0,27.0,-109,213.0,60.0,-141,364.0,-60.0,-173,438.0,-122.0,-205,417.0,-110.0,-237,324.0,-59.0,-269,57.0,16.0,-301,-1.0,35.0,-333,-37.0,27.0
2016-11-06 05:00:00,22.85,-45,-3.0,-34.0,-77,57.0,-48.0,-109,231.0,-17.0,-141,374.0,-67.0,-173,391.0,-104.0,-205,360.0,-95.0,-237,185.0,-66.0,-269,17.0,58.0,-301,-8.0,26.0,-333,-28.0,40.0
2016-11-06 06:00:00,22.88,-45,29.0,-38.0,-77,47.0,-47.0,-109,189.0,14.0,-141,307.0,-25.0,-173,293.0,-98.0,-205,225.0,-86.0,-237,43.0,2.0,-269,-16.0,-37.0,-301,-50.0,63.0,-333,-81.0,59.0
2016-11-06 07:00:00,22.89,-45,106.0,-63.0,-77,149.0,-82.0,-109,267.0,-43.0,-141,351.0,-94.0,-173,338.0,-108.0,-205,250.0,-15.0,-237,62.0,6.0,-269,25.0,-16.0,-301,35.0,28.0,-333,-4.0,30.0
2016-11-06 08:00:00,22.92,-45,23.0,0.0,-77,4.0,5.0,-109,93.0,8.0,-141,188.0,-48.0,-173,224.0,-91.0,-205,236.0,-25.0,-237,104.0,-21.0,-269,2.0,42.0,-301,-36.0,47.0,-333,-86.0,53.0
2016-11-06 09:00:00,22.93,-45,143.0,-30.0,-77,156.0,-48.0,-109,248.0,-27.0,-141,307.0,-65.0,-173,307.0,-116.0,-205,319.0,-72.0,-237,209.0,-46.0,-269,55.0,-21.0,-301,63.0,11.0,-333,41.0,-12.0
2016-11-06 10:00:00,22.97,-45,217.0,-12.0,-77,225.0,-60.0,-109,265.0,2.0,-141,280.0,-26.0,-173,254.0,-110.0,-205,242.0,-60.0,-237,172.0,1.0,-269,103.0,-45.0,-301,83.0,46.0,-333,55.0,27.0
2016-11-06 11:00:00,23.04,-45,139.0,24.0,-77,98.0,-47.0,-109,106.0,13.0,-141,148.0,9.0,-173,121.0,-69.0,-205,103.0,-27.0,-237,43.0,4.0,-269,-4.0,-15.0,-301,-7.0,66.0,-333,-49.0,27.0
2016-11-06 12:00:00,23.05,-45,105.0,69.0,-77,76.0,58.0,-109,77.0,80.0,-141,91.0,81.0,-173,86.0,-29.0,-205,42.0,-50.0,-237,16.0,-19.0,-269,-14.0,25.0,-301,-23.0,63.0,-333,-72.0,68.0
2016-11-06 13:00:00,23.06,-45,249.0,78.0,-77,229.0,80.0,-109,225.0,61.0,-141,215.0,47.0,-173,213.0,-51.0,-205,159.0,-98.0,-237,102.0,-23.0,-269,57.0,19.0,-301,70.0,43.0,-333,72.0,34.0
2016-11-06 14:00:00,23.11,-45,125.0,139.0,-77,64.0,138.0,-109,48.0,142.0,-141,63.0,127.0,-173,126.0,13.0,-205,70.0,-18.0,-237,13.0,63.0,-269,-14.0,74.0,-301,-37.0,101.0,-333,16.0,117.0
2016-11-06 15:00:00,23.1,-45,140.0,100.0,-77,90.0,79.0,-109,51.0,74.0,-141,125.0,20.0,-173,169.0,-47.0,-205,55.0,-55.0,-237,7.0,13.0,-269,-11.0,14.0,-301,-21.0,34.0,-333,8.0,-46.0
2016-11-06 16:00:00,23.08,-45,153.0,94.0,-77,112.0,86.0,-109,58.0,81.0,-141,137.0,42.0,-173,140.0,-13.0,-205,85.0,17.0,-237,68.0,54.0,-269,6.0,28.0,-301,8.0,71.0,-333,-40.0,61.0
2016-11-06 17:00:00,23.06,-45,210.0,191.0,-77,150.0,178.0,-109,117.0,160.0,-141,183.0,113.0,-173,174.0,63.0,-205,191.0,78.0,-237,202.0,80.0,-269,96.0,71.0,-301,75.0,98.0,-333,38.0,68.0
2016-11-06 18:00:00,22.91,-45,96.0,121.0,-77,53.0,96.0,-109,30.0,38.0,-141,121.0,-11.0,-173,139.0,-28.0,-205,195.0,21.0,-237,236.0,78.0,-269,41.0,48.0,-301,16.0,40.0,-333,-65.0,96.0
2016-11-06 19:00:00,22.96,-45,52.0,139.0,-77,17.0,101.0,-109,45.0,54.0,-141,123.0,-11.0,-173,134.0,-2.0,-205,189.0,27.0,-237,167.0,32.0,-269,48.0,53.0,-301,38.0,59.0,-333,0.0,101.0
2016-11-06 20:00:00,22.87,-45,24.0,203.0,-77,38.0,129.0,-109,10.0,75.0,-141,102.0,36.0,-173,157.0,38.0,-205,201.0,49.0,-237,131.0,42.0,-269,47.0,50.0,-301,60.0,55.0,-333,28.0,67.0
2016-11-06 21:00:00,22.91,-45,-99.0,148.0,-77,-100.0,92.0,-109,-138.0,27.0,-141,-8.0,25.0,-173,35.0,3.0,-205,66.0,22.0,-237,60.0,-19.0,-269,-7.0,9.0,-301,-10.0,31.0,-333,11.0,8.0
2016-11-06 22:00:00,22.76,-45,-142.0,104.0,-77,-154.0,73.0,-109,-174.0,-7.0,-141,-72.0,-7.0,-173,-57.0,-37.0,-205,-27.0,-10.0,-237,6.0,2.0,-269,-35.0,16.0,-301,-30.0,45.0,-333,-5.0,10.0
2016-11-06 23:00:00,22.46,-45,-79.0,116.0,-77,-118.0,166.0,-109,-90.0,24.0,-141,-33.0,38.0,-173,-20.0,1.0,-205,-8.0,24.0,-237,-1.0,45.0,-269,-15.0,93.0,-301,54.0,86.0,-333,16.0,172.0
2016-11-07 00:00:00,22.27,-45,-292.0,-21.0,-77,-271.0,73.0,-109,-262.0,-4.0,-141,-220.0,3.0,-173,-210.0,-35.0,-205,-192.0,-32.0,-237,-131.0,-4.0,-269,-99.0,41.0,-301,-25.0,42.0,-333,68.0,13.0
2016-11-07 01:00:00,21.82,-45,-301.0,21.0,-77,-282.0,161.0,-109,-262.0,126.0,-141,-243.0,105.0,-173,-238.0,71.0,-205,-234.0,54.0,-237,-181.0,101.0,-269,-132.0,108.0,-301,-75.0,104.0,-333,-101.0,162.0
2016-11-07 02:00:00,22.01,-45,-143.0,-134.0,-77,-146.0,-61.0,-109,-88.0,-29.0,-141,-67.0,-42.0,-173,-62.0,-69.0,-205,-70.0,-104.0,-237,-45.0,-68.0,-269,-20.0,-14.0,-301,52.0,-37.0,-333,64.0,31.0
2016-11-07 03:00:00,21.84,-45,-247.0,-76.0,-77,-225.0,-60.0,-109,-151.0,-9.0,-141,-151.0,-45.0,-173,-172.0,-61.0,-205,-195.0,-83.0,-237,-167.0,-56.0,-269,-93.0,1.0,-301,-24.0,20.0,-333,-41.0,54.0
2016-11-07 04:00:00,21.75,-45,-199.0,-6.0,-77,-188.0,-21.0,-109,-120.0,23.0,-141,-126.0,22.0,-173,-158.0,26.0,-205,-179.0,-21.0,-237,-175.0,-26.0,-269,-103.0,18.0,-301,-32.0,50.0,-333,-29.0,94.0
2016-11-07 05:00:00,21.92,-45,-117.0,-26.0,-77,-124.0,-31.0,-109,-80.0,-1.0,-141,-108.0,-25.0,-173,-125.0,-36.0,-205,-149.0,-34.0,-237,-199.0,49.0,-269,-85.0,41.0,-301,4.0,5.0,-333,-6.0,77.0
2016-11-07 06:00:00,22.07,-45,-193.0,-21.0,-77,-166.0,-37.0,-109,-136.0,9.0,-141,-187.0,8.0,-173,-193.0,15.0,-205,-224.0,64.0,-237,-201.0,156.0,-269,-135.0,170.0,-301,-87.0,61.0,-333,-88.0,107.0
2016-11-07 07:00:00,22.17,-45,-99.0,-144.0,-77,-111.0,-134.0,-109,-109.0,-98.0,-141,-120.0,-105.0,-173,-146.0,-106.0,-205,-224.0,-37.0,-237,-231.0,52.0,-269,-106.0,71.0,-301,13.0,42.0,-333,-5.0,33.0
2016-11-07 08:00:00,22.28,-45,-208.0,-74.0,-77,-192.0,-66.0,-109,-198.0,-20.0,-141,-218.0,-33.0,-173,-230.0,-102.0,-205,-280.0,-8.0,-237,-320.0,114.0,-269,-226.0,142.0,-301,-44.0,51.0,-333,-57.0,73.0
2016-11-07 09:00:00,22.35,-45,-109.0,-106.0,-77,-85.0,-77.0,-109,-82.0,-60.0,-141,-119.0,-63.0,-173,-149.0,-156.0,-205,-184.0,-128.0,-237,-180.0,-2.0,-269,-135.0,41.0,-301,15.0,30.0,-333,20.0,65.0
2016-11-07 10:00:00,22.61,-45,-54.0,-77.0,-77,-84.0,-66.0,-109,-111.0,-31.0,-141,-149.0,-8.0,-173,-136.0,-88.0,-205,-179.0,-113.0,-237,-233.0,-5.0,-269,-186.0,80.0,-301,26.0,37.0,-333,49.0,68.0
2016-11-07 11:00:00,22.81,-45,-164.0,-75.0,-77,-198.0,-80.0,-109,-223.0,-67.0,-141,-270.0,-38.0,-173,-266.0,-59.0,-205,-254.0,-134.0,-237,-282.0,-80.0,-269,-218.0,-30.0,-301,-58.0,22.0,-333,-47.0,50.0
2016-11-07 12:00:00,22.89,-45,-55.0,-84.0,-77,-91.0,-69.0,-109,-92.0,-61.0,-141,-110.0,-81.0,-173,-164.0,-51.0,-205,-167.0,-84.0,-237,-131.0,-22.0,-269,-69.0,32.0,-301,48.0,0.0,-333,71.0,58.0
2016-11-07 13:00:00,22.9,-45,18.0,-80.0,-77,13.0,-133.0,-109,-6.0,-86.0,-141,4.0,-157.0,-173,-50.0,-193.0,-205,-100.0,-138.0,-237,35.0,-112.0,-269,63.0,-106.0,-301,42.0,15.0,-333,51.0,38.0
2016-11-07 14:00:00,22.89,-45,-98.0,-69.0,-77,-129.0,-91.0,-109,-146.0,-31.0,-141,-78.0,-82.0,-173,-114.0,-132.0,-205,-146.0,-69.0,-237,-2.0,-39.0,-269,70.0,-79.0,-301,-29.0,9.0,-333,-35.0,36.0
2016-11-07 15:00:00,22.91,-45,-45.0,73.0,-77,-15.0,31.0,-109,-69.0,63.0,-141,-8.0,40.0,-173,-58.0,18.0,-205,-26.0,46.0,-237,122.0,61.0,-269,135.0,31.0,-301,-14.0,121.0,-333,-32.0,131.0
2016-11-07 16:00:00,22.9,-45,-45.0,24.0,-77,27.0,4.0,-109,0.0,-19.0,-141,72.0,5.0,-173,51.0,21.0,-205,125.0,51.0,-237,214.0,23.0,-269,131.0,37.0,-301,16.0,63.0,-333,-42.0,85.0
2016-11-07 17:00:00,22.84,-45,-49.0,36.0,-77,29.0,41.0,-109,48.0,26.0,-141,86.0,80.0,-173,95.0,74.0,-205,222.0,23.0,-237,269.0,15.0,-269,50.0,69.0,-301,21.0,80.0,-333,11.0,51.0
2016-11-07 18:00:00,22.82,-45,-201.0,58.0,-77,-110.0,88.0,-109,-45.0,59.0,-141,21.0,83.0,-173,70.0,39.0,-205,124.0,-26.0,-237,33.0,53.0,-269,-19.0,61.0,-301,-65.0,60.0,-333,-92.0,45.0
2016-11-07 19:00:00,22.78,-45,-84.0,29.0,-77,6.0,79.0,-109,82.0,60.0,-141,50.0,88.0,-173,85.0,45.0,-205,194.0,-21.0,-237,145.0,26.0,-269,24.0,51.0,-301,40.0,29.0,-333,58.0,63.0
2016-11-07 20:00:00,22.53,-45,-234.0,91.0,-77,-146.0,146.0,-109,-66.0,156.0,-141,-72.0,209.0,-173,-8.0,149.0,-205,30.0,153.0,-237,28.0,83.0,-269,-89.0,71.0,-301,-83.0,100.0,-333,-206.0,70.0
2016-11-07 21:00:00,22.14,-45,-185.0,-2.0,-77,-119.0,56.0,-109,-76.0,65.0,-141,-101.0,92.0,-173,-18.0,49.0,-205,136.0,-4.0,-237,123.0,15.0,-269,12.0,11.0,-301,-80.0,23.0,-333,5.0,23.0
2016-11-07 22:00:00,21.57,-45,-131.0,8.0,-77,-114.0,71.0,-109,-97.0,93.0,-141,-105.0,136.0,-173,-2.0,77.0,-205,116.0,28.0,-237,124.0,50.0,-269,60.0,13.0,-301,-28.0,44.0,-333,35.0,46.0
2016-11-07 23:00:00,21.55,-45,-159.0,16.0,-77,-156.0,96.0,-109,-120.0,79.0,-141,-127.0,96.0,-173,4.0,53.0,-205,104.0,36.0,-237,98.0,51.0,-269,61.0,19.0,-301,-43.0,30.0,-333,45.0,47.0
2016-11-08 00:00:00,21.61,-45,-265.0,-3.0,-77,-275.0,83.0,-109,-252.0,82.0,-141,-198.0,48.0,-173,-126.0,55.0,-205,2.0,41.0,-237,35.0,24.0,-269,-11.0,-9.0,-301,-96.0,11.0,-333,1.0,19.0
2016-11-08 01:00:00,21.67,-45,-346.0,19.0,-77,-333.0,41.0,-109,-311.0,25.0,-141,-262.0,50.0,-173,-188.0,69.0,-205,-52.0,83.0,-237,-22.0,51.0,-269,-39.0,-5.0,-301,-105.0,16.0,-333,-19.0,14.0
2016-11-08 02:00:00,21.68,-45,-352.0,4.0,-77,-355.0,35.0,-109,-297.0,47.0,-141,-231.0,45.0,-173,-180.0,64.0,-205,-70.0,62.0,-237,24.0,58.0,-269,4.0,36.0,-301,-71.0,41.0,-333,-53.0,46.0
2016-11-08 03:00:00,21.69,-45,-449.0,-33.0,-77,-425.0,-56.0,-109,-348.0,-28.0,-141,-225.0,-63.0,-173,-116.0,-35.0,-205,37.0,-32.0,-237,47.0,50.0,-269,6.0,77.0,-301,-110.0,47.0,-333,-20.0,3.0
2016-11-08 04:00:00,21.67,-45,-352.0,-57.0,-77,-276.0,-121.0,-109,-216.0,-49.0,-141,-87.0,-45.0,-173,45.0,-44.0,-205,180.0,-3.0,-237,255.0,10.0,-269,216.0,-43.0,-301,9.0,28.0,-333,21.0,26.0
2016-11-08 05:00:00,21.68,-45,-370.0,-102.0,-77,-306.0,-103.0,-109,-191.0,-42.0,-141,-74.0,-39.0,-173,57.0,-49.0,-205,287.0,-22.0,-237,370.0,-83.0,-269,281.0,-135.0,-301,18.0,-2.0,-333,14.0,51.0
2016-11-08 06:00:00,21.7,-45,-297.0,-186.0,-77,-218.0,-145.0,-109,-160.0,-61.0,-141,-51.0,-10.0,-173,71.0,35.0,-205,214.0,75.0,-237,295.0,-25.0,-269,269.0,-173.0,-301,38.0,-13.0,-333,14.0,26.0
2016-11-08 07:00:00,21.73,-45,-304.0,-190.0,-77,-232.0,-136.0,-109,-151.0,-33.0,-141,-70.0,-9.0,-173,2.0,51.0,-205,160.0,-4.0,-237,271.0,-51.0,-269,288.0,-112.0,-301,42.0,-10.0,-333,14.0,8.0
2016-11-08 08:00:00,21.74,-45,-271.0,-137.0,-77,-198.0,-83.0,-109,-145.0,22.0,-141,-69.0,11.0,-173,-41.0,57.0,-205,97.0,46.0,-237,227.0,-3.0,-269,260.0,-105.0,-301,58.0,9.0,-333,67.0,36.0
2016-11-08 09:00:00,21.79,-45,-416.0,-142.0,-77,-345.0,-99.0,-109,-305.0,15.0,-141,-246.0,0.0,-173,-214.0,0.0,-205,-65.0,3.0,-237,162.0,-29.0,-269,139.0,-71.0,-301,-38.0,8.0,-333,-79.0,18.0
2016-11-08 10:00:00,21.86,-45,-383.0,-135.0,-77,-334.0,-84.0,-109,-308.0,38.0,-141,-290.0,11.0,-173,-232.0,-41.0,-205,-43.0,-34.0,-237,186.0,-48.0,-269,142.0,-48.0,-301,-29.0,39.0,-333,-40.0,21.0
2016-11-08 11:00:00,21.95,-45,-372.0,-118.0,-77,-349.0,-79.0,-109,-313.0,22.0,-141,-322.0,-21.0,-173,-306.0,-80.0,-205,-121.0,-22.0,-237,74.0,-22.0,-269,81.0,-43.0,-301,-28.0,-27.0,-333,-28.0,9.0
2016-11-08 12:00:00,22.05,-45,-336.0,-143.0,-77,-317.0,-103.0,-109,-282.0,-8.0,-141,-290.0,-46.0,-173,-306.0,-86.0,-205,-144.0,-52.0,-237,67.0,-14.0,-269,95.0,-24.0,-301,-3.0,-35.0,-333,-43.0,13.0
2016-11-08 13:00:00,22.18,-45,-255.0,-89.0,-77,-216.0,-79.0,-109,-244.0,8.0,-141,-244.0,-20.0,-173,-222.0,-69.0,-205,-110.0,-24.0,-237,45.0,-5.0,-269,95.0,-25.0,-301,-29.0,9.0,-333,23.0,-1.0
2016-11-08 14:00:00,22.16,-45,-321.0,13.0,-77,-249.0,33.0,-109,-285.0,101.0,-141,-275.0,116.0,-173,-251.0,67.0,-205,-185.0,82.0,-237,-30.0,86.0,-269,0.0,75.0,-301,-18.0,71.0,-333,-18.0,91.0
2016-11-08 15:00:00,22.12,-45,-390.0,-93.0,-77,-285.0,-63.0,-109,-302.0,-29.0,-141,-277.0,-8.0,-173,-274.0,-22.0,-205,-167.0,-14.0,-237,16.0,-18.0,-269,49.0,-8.0,-301,-15.0,-6.0,-333,-36.0,-2.0
2016-11-08 16:00:00,22.23,-45,-382.0,-77.0,-77,-273.0,-28.0,-109,-305.0,-15.0,-141,-243.0,29.0,-173,-189.0,-9.0,-205,-39.0,6.0,-237,69.0,56.0,-269,47.0,2.0,-301,-90.0,82.0,-333,4.0,39.0
2016-11-08 17:00:00,22.21,-45,-394.0,-52.0,-77,-269.0,4.0,-109,-309.0,-9.0,-141,-221.0,63.0,-173,-163.0,34.0,-205,-65.0,-13.0,-237,79.0,44.0,-269,42.0,-13.0,-301,-31.0,43.0,-333,-23.0,21.0
2016-11-08 18:00:00,22.16,-45,-469.0,-47.0,-77,-377.0,9.0,-109,-416.0,-31.0,-141,-284.0,28.0,-173,-210.0,10.0,-205,-111.0,-4.0,-237,19.0,27.0,-269,46.0,-7.0,-301,-162.0,1.0,-333,-64.0,23.0
2016-11-08 19:00:00,22.21,-45,-344.0,-45.0,-77,-234.0,42.0,-109,-286.0,-26.0,-141,-152.0,49.0,-173,-48.0,30.0,-205,38.0,50.0,-237,197.0,12.0,-269,138.0,-10.0,-301,-16.0,48.0,-333,15.0,37.0
2016-11-08 20:00:00,22.24,-45,-461.0,-17.0,-77,-388.0,57.0,-109,-430.0,24.0,-141,-291.0,88.0,-173,-198.0,108.0,-205,-68.0,94.0,-237,136.0,32.0,-269,110.0,25.0,-301,-38.0,47.0,-333,-94.0,69.0
2016-11-08 21:00:00,22.4,-45,-456.0,-59.0,-77,-413.0,-39.0,-109,-430.0,-114.0,-141,-292.0,-76.0,-173,-185.0,-13.0,-205,-23.0,-16.0,-237,142.0,-47.0,-269,54.0,-22.0,-301,-83.0,-2.0,-333,-55.0,-17.0
2016-11-08 22:00:00,22.49,-45,-387.0,16.0,-77,-377.0,20.0,-109,-389.0,-78.0,-141,-232.0,-38.0,-173,-126.0,30.0,-205,30.0,33.0,-237,198.0,11.0,-269,78.0,25.0,-301,-37.0,74.0,-333,-35.0,75.0
2016-11-08 23:00:00,22.5,-45,-463.0,19.0,-77,-493.0,-16.0,-109,-453.0,-103.0,-141,-279.0,-18.0,-173,-215.0,62.0,-205,-124.0,104.0,-237,48.0,69.0,-269,23.0,35.0,-301,-75.0,82.0,-333,-27.0,122.0
2016-11-09 00:00:00,22.44,-45,-582.0,-34.0,-77,-657.0,-48.0,-109,-586.0,-228.0,-141,-454.0,-122.0,-173,-370.0,-64.0,-205,-314.0,-19.0,-237,-126.0,-23.0,-269,-125.0,-37.0,-301,-150.0,56.0,-333,-153.0,37.0
2016-11-09 01:00:00,22.51,-45,-405.0,38.0,-77,-493.0,2.0,-109,-468.0,-98.0,-141,-342.0,-51.0,-173,-242.0,-12.0,-205,-200.0,15.0,-237,-209.0,48.0,-269,-61.0,61.0,-301,-33.0,63.0,-333,52.0,89.0
2016-11-09 02:00:00,22.48,-45,-644.0,22.0,-77,-688.0,-48.0,-109,-657.0,-95.0,-141,-496.0,-47.0,-173,-388.0,-22.0,-205,-353.0,14.0,-237,-271.0,47.0,-269,-225.0,57.0,-301,-153.0,78.0,-333,-113.0,86.0
2016-11-09 03:00:00,22.44,-45,-539.0,-33.0,-77,-544.0,-152.0,-109,-469.0,-187.0,-141,-350.0,-142.0,-173,-227.0,-145.0,-205,-175.0,-102.0,-237,-103.0,-31.0,-269,-48.0,-2.0,-301,-62.0,30.0,-333,14.0,56.0
2016-11-09 04:00:00,22.53,-45,-569.0,-38.0,-77,-566.0,-114.0,-109,-510.0,-150.0,-141,-387.0,-139.0,-173,-324.0,-130.0,-205,-246.0,-112.0,-237,-181.0,-40.0,-269,-105.0,-10.0,-301,-79.0,35.0,-333,-47.0,21.0
2016-11-09 05:00:00,22.45,-45,-555.0,-83.0,-77,-546.0,-96.0,-109,-478.0,-132.0,-141,-285.0,-102.0,-173,-222.0,-83.0,-205,-126.0,-65.0,-237,-79.0,-4.0,-269,-91.0,-11.0,-301,-47.0,19.0,-333,69.0,49.0
2016-11-09 06:00:00,22.39,-45,-537.0,-100.0,-77,-534.0,-108.0,-109,-362.0,-134.0,-141,-244.0,-105.0,-173,-176.0,-66.0,-205,-108.0,35.0,-237,-61.0,161.0,-269,-5.0,80.0,-301,-35.0,31.0,-333,-57.0,41.0
2016-11-09 07:00:00,22.38,-45,-449.0,-108.0,-77,-446.0,-85.0,-109,-295.0,-144.0,-141,-158.0,-71.0,-173,-105.0,-23.0,-205,-31.0,20.0,-237,33.0,141.0,-269,122.0,130.0,-301,13.0,47.0,-333,107.0,12.0
2016-11-09 08:00:00,22.41,-45,-532.0,-180.0,-77,-488.0,-167.0,-109,-292.0,-111.0,-141,-199.0,-118.0,-173,-164.0,-79.0,-205,-78.0,-38.0,-237,-16.0,98.0,-269,55.0,49.0,-301,-1.0,32.0,-333,-27.0,34.0
2016-11-09 09:00:00,22.59,-45,-596.0,-100.0,-77,-519.0,-97.0,-109,-301.0,-41.0,-141,-215.0,-58.0,-173,-206.0,-45.0,-205,-165.0,41.0,-237,-102.0,118.0,-269,-1.0,52.0,-301,-72.0,49.0,-333,-72.0,53.0
2016-11-09 10:00:00,22.69,-45,-573.0,-129.0,-77,-492.0,-78.0,-109,-250.0,28.0,-141,-177.0,-51.0,-173,-188.0,-89.0,-205,-185.0,-8.0,-237,-140.0,27.0,-269,-33.0,-39.0,-301,-89.0,73.0,-333,-75.0,44.0
2016-11-09 11:00:00,22.72,-45,-662.0,-162.0,-77,-617.0,-115.0,-109,-364.0,-30.0,-141,-256.0,-114.0,-173,-241.0,-133.0,-205,-246.0,-27.0,-237,-185.0,39.0,-269,-91.0,13.0,-301,-81.0,26.0,-333,-62.0,44.0
2016-11-09 12:00:00,22.8,-45,-577.0,-171.0,-77,-562.0,-117.0,-109,-383.0,12.0,-141,-287.0,-41.0,-173,-243.0,-78.0,-205,-269.0,22.0,-237,-201.0,54.0,-269,-143.0,52.0,-301,-54.0,106.0,-333,-75.0,54.0
2016-11-09 13:00:00,22.84,-45,-479.0,-217.0,-77,-511.0,-164.0,-109,-364.0,-40.0,-141,-277.0,-42.0,-173,-199.0,-98.0,-205,-215.0,6.0,-237,-138.0,25.0,-269,-71.0,18.0,-301,-114.0,72.0,-333,-58.0,46.0
2016-11-09 14:00:00,22.85,-45,-462.0,-201.0,-77,-432.0,-146.0,-109,-312.0,-7.0,-141,-257.0,20.0,-173,-167.0,-16.0,-205,-181.0,62.0,-237,-136.0,68.0,-269,-46.0,35.0,-301,-117.0,85.0,-333,-29.0,82.0
2016-11-09 15:00:00,22.81,-45,-536.0,-225.0,-77,-395.0,-225.0,-109,-320.0,-97.0,-141,-273.0,-41.0,-173,-185.0,-32.0,-205,-198.0,15.0,-237,-116.0,32.0,-269,-76.0,37.0,-301,-79.0,-38.0,-333,-60.0,73.0
2016-11-09 16:00:00,22.66,-45,-512.0,-243.0,-77,-354.0,-234.0,-109,-285.0,-147.0,-141,-229.0,-65.0,-173,-137.0,-43.0,-205,-223.0,42.0,-237,-119.0,79.0,-269,-16.0,-1.0,-301,-156.0,49.0,-333,7.0,27.0
2016-11-09 17:00:00,22.68,-45,-604.0,-207.0,-77,-387.0,-191.0,-109,-333.0,-160.0,-141,-254.0,-60.0,-173,-173.0,-39.0,-205,-175.0,-11.0,-237,-92.0,26.0,-269,-21.0,83.0,-301,-82.0,65.0,-333,-52.0,31.0
2016-11-09 18:00:00,22.77,-45,-608.0,-158.0,-77,-340.0,-167.0,-109,-272.0,-129.0,-141,-246.0,-3.0,-173,-167.0,23.0,-205,-133.0,35.0,-237,-87.0,19.0,-269,-38.0,1.0,-301,-126.0,418.0,-333,35.0,80.0
2016-11-09 19:00:00,22.8,-45,-599.0,-250.0,-77,-331.0,-187.0,-109,-268.0,-112.0,-141,-219.0,-41.0,-173,-137.0,24.0,-205,-148.0,14.0,-237,-35.0,-1.0,-269,-90.0,-37.0,-301,-151.0,34.0,-333,-40.0,27.0
2016-11-09 20:00:00,22.72,-45,-473.0,-192.0,-77,-245.0,-81.0,-109,-208.0,48.0,-141,-121.0,0.0,-173,-29.0,18.0,-205,-4.0,25.0,-237,115.0,40.0,-269,39.0,6.0,-301,-44.0,49.0,-333,0.0,81.0
2016-11-09 21:00:00,22.64,-45,-436.0,-245.0,-77,-205.0,-134.0,-109,-174.0,-9.0,-141,-37.0,3.0,-173,25.0,12.0,-205,52.0,19.0,-237,197.0,31.0,-269,112.0,-58.0,-301,80.0,49.0,-333,67.0,-80.0
2016-11-09 22:00:00,22.54,-45,-569.0,-180.0,-77,-441.0,-101.0,-109,-333.0,67.0,-141,-130.0,93.0,-173,-123.0,69.0,-205,-74.0,80.0,-237,78.0,129.0,-269,-8.0,19.0,-301,-78.0,80.0,-333,-80.0,127.0
2016-11-09 23:00:00,22.54,-45,-464.0,-279.0,-77,-337.0,-190.0,-109,-204.0,20.0,-141,-14.0,60.0,-173,-12.0,-11.0,-205,41.0,18.0,-237,78.0,91.0,-269,32.0,14.0,-301,47.0,64.0,-333,64.0,62.0
2016-11-10 00:00:00,22.51,-45,-420.0,-263.0,-77,-335.0,-194.0,-109,-192.0,-49.0,-141,-75.0,-5.0,-173,-36.0,-60.0,-205,44.0,-50.0,-237,176.0,-19.0,-269,82.0,-118.0,-301,19.0,4.0,-333,31.0,14.0
2016-11-10 01:00:00,22.57,-45,-416.0,-275.0,-77,-352.0,-196.0,-109,-300.0,-73.0,-141,-200.0,-10.0,-173,-140.0,-29.0,-205,-45.0,-13.0,-237,147.0,31.0,-269,32.0,-85.0,-301,-80.0,7.0,-333,-36.0,52.0
2016-11-10 02:00:00,22.53,-45,-332.0,-197.0,-77,-282.0,-144.0,-109,-283.0,-62.0,-141,-210.0,3.0,-173,-110.0,29.0,-205,-28.0,34.0,-237,156.0,62.0,-269,162.0,50.0,-301,-36.0,29.0,-333,14.0,62.0
2016-11-10 03:00:00,22.5,-45,-425.0,-138.0,-77,-357.0,-126.0,-109,-355.0,-74.0,-141,-307.0,-23.0,-173,-184.0,11.0,-205,-114.0,15.0,-237,50.0,54.0,-269,-27.0,36.0,-301,-73.0,92.0,-333,-19.0,134.0
2016-11-10 04:00:00,22.56,-45,-467.0,-166.0,-77,-368.0,-169.0,-109,-353.0,-164.0,-141,-331.0,-134.0,-173,-221.0,-105.0,-205,-171.0,-69.0,-237,-49.0,-43.0,-269,-84.0,-93.0,-301,-108.0,-82.0,-333,-28.0,28.0
2016-11-10 05:00:00,22.54,-45,-367.0,-217.0,-77,-261.0,-180.0,-109,-231.0,-187.0,-141,-195.0,-178.0,-173,-86.0,-137.0,-205,-33.0,-56.0,-237,69.0,-24.0,-269,184.0,44.0,-301,-7.0,-3.0,-333,48.0,-16.0
2016-11-10 06:00:00,22.53,-45,-485.0,-173.0,-77,-329.0,-101.0,-109,-291.0,-109.0,-141,-261.0,-105.0,-173,-146.0,-62.0,-205,-85.0,34.0,-237,63.0,95.0,-269,61.0,28.0,-301,-76.0,43.0,-333,-64.0,66.0
2016-11-10 07:00:00,22.6,-45,-582.0,-226.0,-77,-383.0,-127.0,-109,-321.0,-152.0,-141,-275.0,-148.0,-173,-143.0,-101.0,-205,-112.0,4.0,-237,-24.0,59.0,-269,-23.0,44.0,-301,-80.0,27.0,-333,-124.0,21.0
2016-11-10 08:00:00,22.63,-45,-541.0,-308.0,-77,-354.0,-189.0,-109,-278.0,-208.0,-141,-188.0,-216.0,-173,-72.0,-160.0,-205,-50.0,-77.0,-237,50.0,5.0,-269,-77.0,-121.0,-301,-81.0,-43.0,-333,-104.0,-49.0
2016-11-10 09:00:00,22.64,-45,-459.0,-171.0,-77,-362.0,-98.0,-109,-192.0,-99.0,-141,-69.0,-95.0,-173,23.0,-27.0,-205,3.0,16.0,-237,117.0,69.0,-269,92.0,82.0,-301,29.0,50.0,-333,-34.0,51.0
2016-11-10 10:00:00,22.67,-45,-442.0,-245.0,-77,-326.0,-127.0,-109,-173.0,-126.0,-141,-16.0,-121.0,-173,61.0,-66.0,-205,59.0,-3.0,-237,165.0,60.0,-269,177.0,-30.0,-301,48.0,9.0,-333,100.0,35.0
2016-11-10 11:00:00,22.71,-45,-478.0,-263.0,-77,-427.0,-171.0,-109,-267.0,-124.0,-141,-115.0,-86.0,-173,-23.0,-29.0,-205,-17.0,-48.0,-237,84.0,-29.0,-269,42.0,-63.0,-301,21.0,4.0,-333,-27.0,-8.0
2016-11-10 12:00:00,22.73,-45,-494.0,-225.0,-77,-443.0,-106.0,-109,-293.0,-71.0,-141,-133.0,-34.0,-173,-15.0,-7.0,-205,-1.0,-49.0,-237,110.0,-70.0,-269,17.0,-38.0,-301,6.0,-20.0,-333,-14.0,-8.0
2016-11-10 13:00:00,22.76,-45,-467.0,-197.0,-77,-424.0,-81.0,-109,-301.0,-42.0,-141,-141.0,-16.0,-173,-4.0,43.0,-205,14.0,-13.0,-237,137.0,-42.0,-269,11.0,-9.0,-301,-39.0,54.0,-333,-16.0,46.0
2016-11-10 14:00:00,22.83,-45,-389.0,-212.0,-77,-374.0,-186.0,-109,-257.0,-133.0,-141,-83.0,-69.0,-173,23.0,8.0,-205,117.0,-73.0,-237,293.0,-109.0,-269,215.0,-61.0,-301,44.0,-1.0,-333,50.0,-9.0
2016-11-10 15:00:00,22.93,-45,-523.0,-103.0,-77,-534.0,-166.0,-109,-387.0,-112.0,-141,-182.0,-50.0,-173,-78.0,10.0,-205,57.0,-65.0,-237,257.0,-65.0,-269,140.0,-39.0,-301,-86.0,59.0,-333,-84.0,41.0
2016-11-10 16:00:00,23.01,-45,-608.0,-105.0,-77,-538.0,-191.0,-109,-377.0,-118.0,-141,-197.0,-79.0,-173,-69.0,-24.0,-205,62.0,-56.0,-237,304.0,-55.0,-269,178.0,-8.0,-301,-92.0,8.0,-333,-37.0,-23.0
2016-11-10 17:00:00,23.11,-45,-515.0,-98.0,-77,-338.0,-191.0,-109,-160.0,-110.0,-141,-5.0,-25.0,-173,123.0,13.0,-205,256.0,-11.0,-237,356.0,16.0,-269,214.0,24.0,-301,20.0,75.0,-333,140.0,7.0
2016-11-10 18:00:00,22.97,-45,-551.0,-99.0,-77,-368.0,-123.0,-109,-173.0,-80.0,-141,6.0,-19.0,-173,142.0,13.0,-205,271.0,-10.0,-237,352.0,-28.0,-269,395.0,43.0,-301,81.0,-16.0,-333,-2.0,22.0
2016-11-10 19:00:00,22.71,-45,-569.0,-142.0,-77,-339.0,-62.0,-109,-116.0,4.0,-141,40.0,19.0,-173,94.0,36.0,-205,219.0,34.0,-237,293.0,12.0,-269,111.0,7.0,-301,-12.0,32.0,-333,-15.0,41.0
2016-11-10 20:00:00,23.19,-45,-426.0,-149.0,-77,-216.0,-54.0,-109,-10.0,19.0,-141,187.0,50.0,-173,293.0,21.0,-205,442.0,-23.0,-237,467.0,3.0,-269,312.0,-34.0,-301,59.0,10.0,-333,46.0,20.0
2016-11-10 21:00:00,23.28,-45,-575.0,-142.0,-77,-349.0,-54.0,-109,-128.0,-15.0,-141,57.0,32.0,-173,232.0,-27.0,-205,329.0,-60.0,-237,300.0,-38.0,-269,133.0,-63.0,-301,-28.0,-7.0,-333,-78.0,21.0
2016-11-10 22:00:00,23.24,-45,-568.0,-227.0,-77,-343.0,-168.0,-109,-81.0,-100.0,-141,88.0,-50.0,-173,257.0,-149.0,-205,334.0,-155.0,-237,298.0,-100.0,-269,145.0,-131.0,-301,-13.0,-65.0,-333,-65.0,-41.0
2016-11-10 23:00:00,23.28,-45,-490.0,-176.0,-77,-261.0,-49.0,-109,-48.0,54.0,-141,87.0,90.0,-173,300.0,6.0,-205,360.0,-34.0,-237,319.0,6.0,-269,215.0,-29.0,-301,13.0,-5.0,-333,4.0,52.0
2016-11-11 00:00:00,23.28,-45,-543.0,-253.0,-77,-261.0,-57.0,-109,-107.0,-4.0,-141,-10.0,53.0,-173,226.0,-25.0,-205,258.0,-96.0,-237,222.0,-63.0,-269,98.0,-63.0,-301,-53.0,-30.0,-333,-55.0,-4.0
2016-11-11 01:00:00,23.3,-45,-458.0,-190.0,-77,-329.0,-106.0,-109,-80.0,-1.0,-141,-17.0,26.0,-173,218.0,-5.0,-205,325.0,-71.0,-237,309.0,-66.0,-269,155.0,-83.0,-301,6.0,-4.0,-333,2.0,22.0
2016-11-11 02:00:00,23.29,-45,-453.0,-222.0,-77,-349.0,-120.0,-109,-118.0,2.0,-141,-57.0,14.0,-173,137.0,-6.0,-205,313.0,-78.0,-237,372.0,-83.0,-269,218.0,-111.0,-301,1.0,-19.0,-333,25.0,20.0
2016-11-11 03:00:00,23.25,-45,-478.0,-122.0,-77,-364.0,-82.0,-109,-134.0,77.0,-141,-89.0,72.0,-173,29.0,95.0,-205,244.0,24.0,-237,304.0,-52.0,-269,146.0,-98.0,-301,-27.0,-10.0,-333,30.0,39.0
2016-11-11 04:00:00,23.24,-45,-562.0,-85.0,-77,-417.0,-89.0,-109,-196.0,-17.0,-141,-139.0,-20.0,-173,-2.0,-15.0,-205,173.0,-94.0,-237,199.0,-121.0,-269,98.0,-85.0,-301,-69.0,-23.0,-333,-43.0,14.0
2016-11-11 05:00:00,23.22,-45,-474.0,-9.0,-77,-308.0,-24.0,-109,-122.0,6.0,-141,-56.0,16.0,-173,83.0,-3.0,-205,254.0,-124.0,-237,292.0,-153.0,-269,219.0,-131.0,-301,5.0,11.0,-333,12.0,24.0
2016-11-11 06:00:00,23.21,-45,-433.0,15.0,-77,-246.0,19.0,-109,-81.0,39.0,-141,4.0,54.0,-173,175.0,19.0,-205,308.0,-190.0,-237,380.0,-215.0,-269,371.0,-105.0,-301,66.0,-30.0,-333,19.0,37.0
2016-11-11 07:00:00,23.21,-45,-392.0,-13.0,-77,-203.0,-3.0,-109,-66.0,13.0,-141,52.0,40.0,-173,218.0,-2.0,-205,237.0,-121.0,-237,241.0,-109.0,-269,231.0,-52.0,-301,6.0,-48.0,-333,-34.0,43.0
2016-11-11 08:00:00,23.24,-45,-344.0,-44.0,-77,-172.0,-18.0,-109,-39.0,-14.0,-141,117.0,6.0,-173,243.0,-36.0,-205,257.0,-139.0,-237,258.0,-64.0,-269,215.0,0.0,-301,-24.0,-15.0,-333,-15.0,20.0
2016-11-11 09:00:00,23.28,-45,-245.0,-67.0,-77,-96.0,10.0,-109,41.0,-12.0,-141,197.0,18.0,-173,323.0,-48.0,-205,333.0,-146.0,-237,276.0,-99.0,-269,180.0,-47.0,-301,24.0,-16.0,-333,23.0,9.0
2016-11-11 10:00:00,23.33,-45,-276.0,-60.0,-77,-132.0,17.0,-109,4.0,50.0,-141,143.0,116.0,-173,251.0,8.0,-205,253.0,-67.0,-237,206.0,-26.0,-269,139.0,8.0,-301,-39.0,28.0,-333,-49.0,47.0
2016-11-11 11:00:00,23.33,-45,-234.0,-104.0,-77,-118.0,-42.0,-109,35.0,-10.0,-141,179.0,33.0,-173,282.0,-77.0,-205,275.0,-108.0,-237,239.0,-73.0,-269,170.0,-54.0,-301,-35.0,-24.0,-333,-10.0,5.0
2016-11-11 12:00:00,23.3,-45,-210.0,-63.0,-77,-128.0,-2.0,-109,32.0,27.0,-141,166.0,74.0,-173,294.0,-46.0,-205,288.0,-102.0,-237,256.0,-85.0,-269,179.0,-59.0,-301,43.0,-60.0,-333,-17.0,47.0
2016-11-11 13:00:00,23.29,-45,-188.0,-56.0,-77,-102.0,7.0,-109,17.0,35.0,-141,128.0,106.0,-173,275.0,3.0,-205,317.0,-37.0,-237,339.0,-24.0,-269,248.0,-37.0,-301,2.0,-2.0,-333,29.0,61.0
2016-11-11 14:00:00,23.26,-45,-281.0,-104.0,-77,-202.0,-42.0,-109,-65.0,-22.0,-141,15.0,58.0,-173,182.0,-5.0,-205,226.0,-59.0,-237,251.0,-41.0,-269,210.0,-48.0,-301,39.0,7.0,-333,-29.0,18.0
2016-11-11 15:00:00,23.25,-45,-281.0,-106.0,-77,-174.0,-86.0,-109,-68.0,-58.0,-141,-12.0,17.0,-173,144.0,-52.0,-205,214.0,-107.0,-237,254.0,-93.0,-269,258.0,-91.0,-301,-20.0,-11.0,-333,-11.0,-7.0
2016-11-11 16:00:00,23.21,-45,-275.0,-86.0,-77,-148.0,-99.0,-109,-34.0,-78.0,-141,28.0,-19.0,-173,179.0,-33.0,-205,254.0,-67.0,-237,284.0,-66.0,-269,244.0,-53.0,-301,-19.0,26.0,-333,17.0,3.0
2016-11-11 17:00:00,23.11,-45,-297.0,-50.0,-77,-176.0,-68.0,-109,-18.0,-48.0,-141,62.0,2.0,-173,183.0,4.0,-205,229.0,-15.0,-237,285.0,-4.0,-269,323.0,11.0,-301,15.0,-10.0,-333,0.0,17.0
2016-11-11 18:00:00,23.04,-45,-285.0,-61.0,-77,-107.0,-55.0,-109,70.0,-35.0,-141,100.0,-14.0,-173,222.0,-32.0,-205,382.0,-116.0,-237,394.0,-124.0,-269,272.0,-68.0,-301,-49.0,31.0,-333,0.0,10.0
2016-11-11 19:00:00,22.88,-45,-234.0,-59.0,-77,-31.0,35.0,-109,88.0,-16.0,-141,128.0,-7.0,-173,274.0,-23.0,-205,284.0,-39.0,-237,241.0,-25.0,-269,176.0,20.0,-301,-62.0,97.0,-333,18.0,17.0
2016-11-11 20:00:00,22.73,-45,-254.0,-51.0,-77,-40.0,29.0,-109,51.0,-40.0,-141,118.0,-48.0,-173,280.0,-54.0,-205,289.0,-73.0,-237,257.0,-74.0,-269,153.0,-52.0,-301,-29.0,-9.0,-333,-46.0,-3.0
2016-11-11 21:00:00,22.7,-45,-192.0,-73.0,-77,52.0,21.0,-109,140.0,-37.0,-141,256.0,-47.0,-173,389.0,-24.0,-205,373.0,-9.0,-237,346.0,19.0,-269,292.0,31.0,-301,54.0,14.0,-333,9.0,13.0
2016-11-11 22:00:00,22.73,-45,-188.0,-98.0,-77,47.0,32.0,-109,125.0,-7.0,-141,326.0,-16.0,-173,406.0,-47.0,-205,337.0,-35.0,-237,308.0,-11.0,-269,243.0,-17.0,-301,45.0,-3.0,-333,3.0,5.0
2016-11-11 23:00:00,22.78,-45,-167.0,-138.0,-77,61.0,-46.0,-109,158.0,-61.0,-141,392.0,-68.0,-173,403.0,-93.0,-205,334.0,-114.0,-237,257.0,-85.0,-269,192.0,-62.0,-301,35.0,4.0,-333,30.0,-10.0
2016-11-12 00:00:00,22.82,-45,-152.0,-174.0,-77,47.0,-41.0,-109,141.0,-38.0,-141,351.0,-29.0,-173,344.0,-70.0,-205,308.0,-70.0,-237,244.0,-71.0,-269,107.0,-29.0,-301,-29.0,9.0,-333,11.0,3.0
2016-11-12 01:00:00,22.9,-45,-136.0,-220.0,-77,30.0,-79.0,-109,142.0,-66.0,-141,315.0,-37.0,-173,318.0,-45.0,-205,306.0,-82.0,-237,241.0,-132.0,-269,100.0,-71.0,-301,-22.0,-1.0,-333,36.0,-17.0
2016-11-12 02:00:00,23.09,-45,-188.0,-258.0,-77,-13.0,-91.0,-109,114.0,-60.0,-141,243.0,-24.0,-173,264.0,-8.0,-205,237.0,-74.0,-237,181.0,-134.0,-269,91.0,-100.0,-301,-44.0,-16.0,-333,-11.0,-10.0
2016-11-12 03:00:00,23.19,-45,-233.0,-176.0,-77,-135.0,-42.0,-109,-57.0,-64.0,-141,66.0,-27.0,-173,103.0,-13.0,-205,137.0,7.0,-237,102.0,-99.0,-269,52.0,-105.0,-301,-44.0,-15.0,-333,-69.0,6.0
2016-11-12 04:00:00,23.27,-45,-208.0,-177.0,-77,-111.0,-93.0,-109,-52.0,-102.0,-141,25.0,-84.0,-173,85.0,-55.0,-205,101.0,11.0,-237,96.0,-53.0,-269,100.0,-80.0,-301,-2.0,-6.0,-333,-62.0,2.0
2016-11-12 05:00:00,23.28,-45,-143.0,-135.0,-77,-63.0,-110.0,-109,6.0,-165.0,-141,58.0,-218.0,-173,202.0,-123.0,-205,340.0,-77.0,-237,337.0,-14.0,-269,186.0,-81.0,-301,56.0,-40.0,-333,-3.0,-11.0
2016-11-12 06:00:00,23.22,-45,-152.0,-75.0,-77,-83.0,-46.0,-109,13.0,-77.0,-141,48.0,-74.0,-173,59.0,-28.0,-205,121.0,-5.0,-237,187.0,-64.0,-269,197.0,-64.0,-301,66.0,12.0,-333,-23.0,21.0
2016-11-12 07:00:00,23.29,-45,-156.0,-87.0,-77,-81.0,-87.0,-109,15.0,-126.0,-141,29.0,-134.0,-173,53.0,-31.0,-205,102.0,4.0,-237,123.0,-22.0,-269,140.0,-64.0,-301,32.0,-43.0,-333,-46.0,4.0
2016-11-12 08:00:00,23.27,-45,-47.0,-135.0,-77,83.0,-143.0,-109,142.0,-132.0,-141,135.0,-65.0,-173,156.0,-46.0,-205,206.0,-25.0,-237,221.0,-85.0,-269,194.0,-128.0,-301,75.0,-43.0,-333,36.0,-3.0
2016-11-12 09:00:00,23.24,-45,-91.0,-130.0,-77,30.0,-142.0,-109,148.0,-112.0,-141,103.0,-5.0,-173,140.0,-15.0,-205,142.0,-17.0,-237,134.0,-53.0,-269,88.0,-50.0,-301,-13.0,14.0,-333,-14.0,14.0
2016-11-12 10:00:00,23.38,-45,-76.0,-188.0,-77,51.0,-182.0,-109,148.0,-94.0,-141,95.0,-37.0,-173,127.0,-46.0,-205,147.0,-68.0,-237,146.0,-87.0,-269,98.0,-60.0,-301,-1.0,-9.0,-333,11.0,-18.0
2016-11-12 11:00:00,23.55,-45,-113.0,-127.0,-77,42.0,-132.0,-109,102.0,-49.0,-141,62.0,-29.0,-173,96.0,-29.0,-205,95.0,-19.0,-237,88.0,-41.0,-269,30.0,-30.0,-301,-26.0,22.0,-333,-29.0,32.0
2016-11-12 12:00:00,23.36,-45,-102.0,-131.0,-77,38.0,-66.0,-109,126.0,18.0,-141,64.0,15.0,-173,123.0,-1.0,-205,132.0,-7.0,-237,127.0,-41.0,-269,39.0,14.0,-301,-4.0,40.0,-333,2.0,43.0
2016-11-12 13:00:00,23.39,-45,-211.0,-178.0,-77,-51.0,-121.0,-109,41.0,-63.0,-141,-46.0,-67.0,-173,17.0,-58.0,-205,45.0,-57.0,-237,42.0,-73.0,-269,-50.0,-21.0,-301,-78.0,22.0,-333,-64.0,17.0
2016-11-12 14:00:00,23.41,-45,-208.0,-126.0,-77,-69.0,-116.0,-109,27.0,-46.0,-141,-32.0,-42.0,-173,26.0,-40.0,-205,42.0,-27.0,-237,21.0,-5.0,-269,-29.0,36.0,-301,-50.0,36.0,-333,-64.0,26.0
2016-11-12 15:00:00,23.71,-45,-183.0,-212.0,-77,-32.0,-167.0,-109,18.0,-73.0,-141,-37.0,-96.0,-173,-44.0,-67.0,-205,-11.0,-55.0,-237,-31.0,-58.0,-269,-19.0,-33.0,-301,9.0,36.0,-333,2.0,22.0
2016-11-12 16:00:00,23.23,-45,-173.0,-47.0,-77,-84.0,-5.0,-109,-30.0,100.0,-141,47.0,59.0,-173,-51.0,62.0,-205,-42.0,92.0,-237,-15.0,149.0,-269,83.0,210.0,-301,28.0,201.0,-333,10.0,143.0
2016-11-12 17:00:00,23.05,-45,-267.0,-98.0,-77,-132.0,-67.0,-109,-63.0,41.0,-141,11.0,-13.0,-173,-78.0,-3.0,-205,-76.0,85.0,-237,-9.0,189.0,-269,95.0,178.0,-301,-48.0,46.0,-333,-17.0,76.0
2016-11-12 18:00:00,22.99,-45,-159.0,-229.0,-77,-45.0,-222.0,-109,51.0,-190.0,-141,186.0,-202.0,-173,177.0,-126.0,-205,250.0,-63.0,-237,199.0,-54.0,-269,101.0,-89.0,-301,-45.0,145.0,-333,8.0,-25.0
2016-11-12 19:00:00,23.04,-45,-109.0,-254.0,-77,-21.0,-203.0,-109,77.0,-206.0,-141,223.0,-229.0,-173,150.0,-169.0,-205,101.0,-133.0,-237,104.0,-134.0,-269,75.0,-116.0,-301,-13.0,-54.0,-333,-23.0,35.0
2016-11-12 20:00:00,23.01,-45,-174.0,-202.0,-77,-49.0,-162.0,-109,80.0,-183.0,-141,230.0,-178.0,-173,199.0,-165.0,-205,196.0,-146.0,-237,204.0,-123.0,-269,160.0,-64.0,-301,-15.0,47.0,-333,-51.0,30.0
2016-11-12 21:00:00,22.76,-45,-159.0,-99.0,-77,-5.0,-38.0,-109,203.0,-27.0,-141,256.0,-38.0,-173,229.0,6.0,-205,243.0,10.0,-237,236.0,-6.0,-269,182.0,33.0,-301,-6.0,73.0,-333,29.0,49.0
2016-11-12 22:00:00,22.82,-45,-179.0,-174.0,-77,33.0,-73.0,-109,177.0,-38.0,-141,240.0,-22.0,-173,218.0,16.0,-205,200.0,37.0,-237,169.0,17.0,-269,172.0,10.0,-301,-70.0,61.0,-333,-7.0,73.0
2016-11-12 23:00:00,23.18,-45,-136.0,-123.0,-77,75.0,-29.0,-109,195.0,43.0,-141,236.0,63.0,-173,220.0,77.0,-205,190.0,87.0,-237,148.0,96.0,-269,117.0,58.0,-301,-76.0,120.0,-333,-66.0,149.0
2016-11-13 00:00:00,23.16,-45,-78.0,-305.0,-77,155.0,-149.0,-109,246.0,-107.0,-141,296.0,-78.0,-173,296.0,-87.0,-205,230.0,-75.0,-237,159.0,-48.0,-269,118.0,19.0,-301,-47.0,77.0,-333,-36.0,40.0
2016-11-13 01:00:00,23.06,-45,-113.0,-115.0,-77,45.0,69.0,-109,155.0,117.0,-141,242.0,102.0,-173,238.0,108.0,-205,142.0,142.0,-237,53.0,169.0,-269,36.0,207.0,-301,-70.0,159.0,-333,-83.0,207.0
2016-11-13 02:00:00,22.85,-45,-83.0,-343.0,-77,10.0,-164.0,-109,192.0,-144.0,-141,310.0,-152.0,-173,222.0,-109.0,-205,68.0,-43.0,-237,54.0,-49.0,-269,10.0,-42.0,-301,-154.0,135.0,-333,-125.0,158.0
2016-11-13 03:00:00,22.75,-45,-36.0,-251.0,-77,-14.0,-123.0,-109,142.0,-83.0,-141,243.0,-105.0,-173,180.0,-54.0,-205,140.0,-32.0,-237,103.0,-13.0,-269,65.0,27.0,-301,-31.0,6.0,-333,-1.0,128.0
2016-11-13 04:00:00,22.73,-45,-150.0,-173.0,-77,-164.0,-100.0,-109,-33.0,-63.0,-141,170.0,-67.0,-173,102.0,-93.0,-205,8.0,-73.0,-237,-36.0,-38.0,-269,0.0,-35.0,-301,33.0,9.0,-333,-98.0,187.0
2016-11-13 05:00:00,22.75,-45,-107.0,-218.0,-77,-119.0,-149.0,-109,-80.0,-119.0,-141,133.0,-104.0,-173,112.0,-66.0,-205,95.0,-72.0,-237,56.0,-90.0,-269,38.0,19.0,-301,8.0,69.0,-333,-79.0,125.0
2016-11-13 06:00:00,22.76,-45,0.0,-129.0,-77,21.0,-92.0,-109,52.0,-102.0,-141,202.0,-99.0,-173,291.0,-73.0,-205,318.0,-82.0,-237,381.0,-60.0,-269,339.0,-8.0,-301,40.0,91.0,-333,63.0,130.0
2016-11-13 07:00:00,22.7,-45,-88.0,-143.0,-77,-22.0,-139.0,-109,110.0,-149.0,-141,197.0,-107.0,-173,282.0,-102.0,-205,244.0,-111.0,-237,250.0,-130.0,-269,225.0,-25.0,-301,39.0,68.0,-333,8.0,101.0
2016-11-13 08:00:00,22.72,-45,-15.0,-8.0,-77,24.0,-27.0,-109,107.0,-28.0,-141,183.0,30.0,-173,221.0,44.0,-205,186.0,73.0,-237,196.0,107.0,-269,188.0,169.0,-301,103.0,164.0,-333,15.0,218.0
2016-11-13 09:00:00,22.82,-45,45.0,-48.0,-77,53.0,-85.0,-109,63.0,-61.0,-141,179.0,-49.0,-173,231.0,-24.0,-205,198.0,-25.0,-237,214.0,14.0,-269,203.0,57.0,-301,102.0,19.0,-333,0.0,90.0
2016-11-13 10:00:00,22.91,-45,28.0,-129.0,-77,55.0,-166.0,-109,26.0,-143.0,-141,148.0,-125.0,-173,203.0,-102.0,-205,210.0,-97.0,-237,185.0,-25.0,-269,174.0,-30.0,-301,82.0,-14.0,-333,-19.0,53.0
2016-11-13 11:00:00,22.96,-45,-15.0,-113.0,-77,22.0,-151.0,-109,136.0,-153.0,-141,281.0,-147.0,-173,232.0,-94.0,-205,226.0,-85.0,-237,239.0,-8.0,-269,201.0,66.0,-301,101.0,10.0,-333,2.0,88.0
2016-11-13 12:00:00,22.98,-45,15.0,-117.0,-77,58.0,-157.0,-109,238.0,-113.0,-141,307.0,-133.0,-173,237.0,-107.0,-205,252.0,-59.0,-237,248.0,-18.0,-269,197.0,23.0,-301,117.0,-5.0,-333,40.0,63.0
2016-11-13 13:00:00,22.99,-45,-1.0,-41.0,-77,88.0,-106.0,-109,167.0,-79.0,-141,204.0,-70.0,-173,166.0,-49.0,-205,165.0,-9.0,-237,166.0,116.0,-269,223.0,166.0,-301,67.0,152.0,-333,-29.0,156.0
2016-11-13 14:00:00,23.02,-45,172.0,-124.0,-77,224.0,-161.0,-109,390.0,-147.0,-141,435.0,-158.0,-173,365.0,-150.0,-205,339.0,-96.0,-237,307.0,3.0,-269,307.0,63.0,-301,258.0,29.0,-333,157.0,94.0
2016-11-13 15:00:00,23.06,-45,9.0,-60.0,-77,101.0,-148.0,-109,220.0,-145.0,-141,322.0,-143.0,-173,268.0,-124.0,-205,219.0,-58.0,-237,186.0,31.0,-269,198.0,107.0,-301,132.0,72.0,-333,45.0,119.0
2016-11-13 16:00:00,23.08,-45,-87.0,-108.0,-77,42.0,-202.0,-109,132.0,-207.0,-141,258.0,-219.0,-173,216.0,-204.0,-205,141.0,-149.0,-237,83.0,-50.0,-269,107.0,51.0,-301,111.0,88.0,-333,10.0,145.0
2016-11-13 17:00:00,23.14,-45,-34.0,-111.0,-77,54.0,-224.0,-109,193.0,-193.0,-141,324.0,-161.0,-173,293.0,-118.0,-205,267.0,-65.0,-237,262.0,-56.0,-269,307.0,26.0,-301,-1.0,73.0,-333,82.0,204.0
2016-11-13 18:00:00,23.18,-45,-27.0,-196.0,-77,59.0,-287.0,-109,201.0,-258.0,-141,290.0,-227.0,-173,331.0,-229.0,-205,372.0,-235.0,-237,228.0,-148.0,-269,34.0,-87.0,-301,-21.0,-18.0,-333,10.0,40.0
2016-11-13 19:00:00,23.22,-45,-5.0,-146.0,-77,79.0,-187.0,-109,235.0,-160.0,-141,352.0,-168.0,-173,240.0,-160.0,-205,206.0,-135.0,-237,119.0,-50.0,-269,48.0,42.0,-301,-32.0,20.0,-333,-19.0,105.0
2016-11-13 20:00:00,23.25,-45,129.0,-224.0,-77,215.0,-237.0,-109,428.0,-228.0,-141,451.0,-213.0,-173,317.0,-142.0,-205,259.0,-98.0,-237,176.0,-33.0,-269,7.0,4.0,-301,9.0,29.0,-333,51.0,80.0
2016-11-13 21:00:00,23.28,-45,123.0,-205.0,-77,204.0,-202.0,-109,469.0,-232.0,-141,471.0,-219.0,-173,342.0,-156.0,-205,252.0,-52.0,-237,151.0,54.0,-269,71.0,51.0,-301,39.0,20.0,-333,49.0,41.0
2016-11-13 22:00:00,23.29,-45,53.0,-121.0,-77,181.0,-148.0,-109,391.0,-141.0,-141,365.0,-205.0,-173,226.0,-142.0,-205,58.0,61.0,-237,-21.0,60.0,-269,-12.0,34.0,-301,-22.0,54.0,-333,6.0,99.0
2016-11-13 23:00:00,23.22,-45,109.0,-107.0,-77,261.0,-129.0,-109,467.0,-106.0,-141,386.0,-148.0,-173,279.0,-115.0,-205,137.0,-29.0,-237,35.0,54.0,-269,57.0,63.0,-301,17.0,94.0,-333,-9.0,93.0
2016-11-14 00:00:00,23.2,-45,59.0,-123.0,-77,281.0,-167.0,-109,464.0,-199.0,-141,379.0,-245.0,-173,244.0,-177.0,-205,100.0,-133.0,-237,89.0,-49.0,-269,56.0,-5.0,-301,-2.0,19.0,-333,-29.0,4.0
2016-11-14 01:00:00,23.19,-45,138.0,-142.0,-77,416.0,-83.0,-109,548.0,-182.0,-141,472.0,-215.0,-173,351.0,-145.0,-205,179.0,-77.0,-237,53.0,-29.0,-269,30.0,21.0,-301,36.0,69.0,-333,22.0,35.0
2016-11-14 02:00:00,23.2,-45,85.0,-176.0,-77,344.0,-80.0,-109,488.0,-179.0,-141,457.0,-253.0,-173,362.0,-192.0,-205,207.0,-90.0,-237,-4.0,-63.0,-269,-57.0,-8.0,-301,10.0,75.0,-333,-14.0,33.0
2016-11-14 03:00:00,23.2,-45,76.0,-174.0,-77,337.0,-98.0,-109,461.0,-169.0,-141,410.0,-234.0,-173,326.0,-205.0,-205,204.0,-108.0,-237,8.0,-64.0,-269,-70.0,-32.0,-301,-6.0,35.0,-333,-12.0,52.0
2016-11-14 04:00:00,23.19,-45,75.0,-173.0,-77,309.0,-93.0,-109,435.0,-142.0,-141,381.0,-207.0,-173,265.0,-175.0,-205,149.0,-108.0,-237,12.0,-51.0,-269,-76.0,-42.0,-301,-11.0,56.0,-333,-7.0,79.0
2016-11-14 05:00:00,23.2,-45,106.0,-242.0,-77,295.0,-129.0,-109,418.0,-173.0,-141,346.0,-203.0,-173,230.0,-155.0,-205,129.0,-89.0,-237,18.0,-39.0,-269,-83.0,-52.0,-301,29.0,9.0,-333,23.0,38.0
2016-11-14 06:00:00,23.23,-45,127.0,-231.0,-77,261.0,-100.0,-109,367.0,-102.0,-141,306.0,-126.0,-173,184.0,-89.0,-205,105.0,-5.0,-237,32.0,80.0,-269,-3.0,151.0,-301,1.0,118.0,-333,13.0,94.0
2016-11-14 07:00:00,23.21,-45,109.0,-234.0,-77,195.0,-96.0,-109,327.0,-81.0,-141,316.0,-111.0,-173,179.0,-94.0,-205,76.0,-31.0,-237,16.0,53.0,-269,7.0,103.0,-301,-3.0,98.0,-333,20.0,78.0
2016-11-14 08:00:00,23.18,-45,67.0,-296.0,-77,151.0,-137.0,-109,261.0,-122.0,-141,305.0,-142.0,-173,205.0,-184.0,-205,119.0,-123.0,-237,44.0,-63.0,-269,-58.0,31.0,-301,-36.0,14.0,-333,-19.0,-6.0
2016-11-14 09:00:00,23.13,-45,78.0,-304.0,-77,179.0,-135.0,-109,310.0,-128.0,-141,340.0,-160.0,-173,283.0,-190.0,-205,208.0,-150.0,-237,139.0,-97.0,-269,31.0,-47.0,-301,1.0,12.0,-333,-3.0,4.0
2016-11-14 10:00:00,23.07,-45,38.0,-204.0,-77,66.0,-52.0,-109,227.0,-45.0,-141,271.0,-81.0,-173,193.0,-90.0,-205,129.0,-19.0,-237,65.0,57.0,-269,-32.0,90.0,-301,-30.0,82.0,-333,-57.0,77.0
2016-11-14 11:00:00,23.09,-45,73.0,-243.0,-77,99.0,-146.0,-109,271.0,-112.0,-141,313.0,-145.0,-173,234.0,-156.0,-205,144.0,-61.0,-237,76.0,15.0,-269,17.0,30.0,-301,-11.0,45.0,-333,-33.0,6.0
2016-11-14 12:00:00,23.1,-45,237.0,-240.0,-77,208.0,-95.0,-109,405.0,-77.0,-141,439.0,-86.0,-173,367.0,-99.0,-205,268.0,-23.0,-237,174.0,78.0,-269,100.0,80.0,-301,73.0,52.0,-333,61.0,41.0
2016-11-14 13:00:00,23.09,-45,202.0,-206.0,-77,93.0,-62.0,-109,312.0,-31.0,-141,347.0,-53.0,-173,266.0,-31.0,-205,170.0,21.0,-237,105.0,88.0,-269,83.0,75.0,-301,65.0,53.0,-333,21.0,65.0
2016-11-14 14:00:00,23.08,-45,43.0,-290.0,-77,10.0,-164.0,-109,264.0,-124.0,-141,277.0,-170.0,-173,185.0,-148.0,-205,75.0,-86.0,-237,-1.0,1.0,-269,-19.0,-14.0,-301,10.0,1.0,-333,-6.0,-2.0
2016-11-14 15:00:00,23.09,-45,45.0,-245.0,-77,27.0,-148.0,-109,241.0,-134.0,-141,223.0,-168.0,-173,170.0,-167.0,-205,66.0,-63.0,-237,-26.0,10.0,-269,1.0,50.0,-301,2.0,56.0,-333,-14.0,33.0
2016-11-14 16:00:00,23.13,-45,-3.0,-308.0,-77,0.0,-177.0,-109,190.0,-162.0,-141,132.0,-164.0,-173,57.0,-127.0,-205,-78.0,-52.0,-237,-121.0,54.0,-269,-118.0,84.0,-301,-75.0,30.0,-333,-61.0,25.0
2016-11-14 17:00:00,23.11,-45,17.0,-299.0,-77,-64.0,-189.0,-109,92.0,-127.0,-141,61.0,-124.0,-173,-1.0,-97.0,-205,-131.0,-130.0,-237,-162.0,16.0,-269,-170.0,50.0,-301,-116.0,28.0,-333,-91.0,27.0
2016-11-14 18:00:00,23.09,-45,-45.0,-251.0,-77,-157.0,-151.0,-109,-23.0,-30.0,-141,-14.0,-28.0,-173,-52.0,-50.0,-205,0.0,-63.0,-237,-83.0,-36.0,-269,-212.0,53.0,-301,-153.0,88.0,-333,-105.0,88.0
2016-11-14 19:00:00,23.08,-45,30.0,-240.0,-77,-11.0,-219.0,-109,104.0,-133.0,-141,114.0,-131.0,-173,59.0,-107.0,-205,49.0,-119.0,-237,34.0,-146.0,-269,-109.0,-7.0,-301,-77.0,34.0,-333,-50.0,43.0
2016-11-14 20:00:00,23.08,-45,171.0,-187.0,-77,97.0,-153.0,-109,157.0,-62.0,-141,169.0,-40.0,-173,141.0,-44.0,-205,146.0,-17.0,-237,199.0,-18.0,-269,138.0,-31.0,-301,29.0,69.0,-333,110.0,88.0
2016-11-14 21:00:00,23.07,-45,-134.0,-240.0,-77,-181.0,-226.0,-109,-165.0,-111.0,-141,-142.0,-120.0,-173,-83.0,-114.0,-205,-82.0,-108.0,-237,-56.0,-129.0,-269,-101.0,-162.0,-301,-201.0,5.0,-333,-177.0,-38.0
2016-11-14 22:00:00,23.06,-45,-34.0,-192.0,-77,-55.0,-167.0,-109,-76.0,-71.0,-141,34.0,-80.0,-173,62.0,-46.0,-205,49.0,-16.0,-237,48.0,3.0,-269,28.0,-61.0,-301,-60.0,-2.0,-333,-91.0,59.0
2016-11-14 23:00:00,23.04,-45,49.0,-160.0,-77,57.0,-150.0,-109,25.0,-79.0,-141,130.0,-77.0,-173,155.0,-35.0,-205,135.0,-9.0,-237,115.0,17.0,-269,-34.0,54.0,-301,-7.0,34.0,-333,-14.0,25.0
2016-11-15 00:00:00,23.04,-45,-35.0,-124.0,-77,-35.0,-71.0,-109,1.0,15.0,-141,114.0,3.0,-173,109.0,31.0,-205,19.0,25.0,-237,75.0,102.0,-269,-15.0,153.0,-301,-170.0,42.0,-333,-76.0,52.0
